name,Lat,Lng,Max Temp,Humidity,Cloudiness,Wind Speed,Country,Date
Punta Arenas,-53.15,-70.9167,41.11,75,75,11.5,CL,1627161407
Ust'-Koksa,50.2696,85.6108,54.5,90,15,0.76,RU,1627161408
Port Elizabeth,-33.918,25.5701,53.89,76,40,4.61,ZA,1627161408
Butaritari,3.0707,172.7902,83.71,73,100,15.32,KI,1627161409
Hilo,19.7297,-155.09,81.63,76,90,6.91,US,1627161124
Tarrafal,15.2833,-23.7667,77.79,71,89,8.16,CV,1627161409
Bredasdorp,-34.5322,20.0403,47.19,68,15,4.36,ZA,1627161122
Barbacena,-21.2258,-43.7736,60.31,59,0,4.61,BR,1627161410
Rikitea,-23.1203,-134.9692,69.22,54,0,1.21,PF,1627161411
Port Macquarie,-31.4333,152.9167,53.98,63,1,11.48,AU,1627161411
Ushuaia,-54.8,-68.3,38.86,87,75,3.44,AR,1627161396
Sinnamary,5.3833,-52.95,79.84,84,100,12.19,GF,1627161411
Muros,42.7762,-9.0603,63.9,93,66,1.7,ES,1627161412
Caravelas,-17.7125,-39.2481,72.57,60,81,9.69,BR,1627161412
Margate,51.3813,1.3862,62.85,88,100,1.99,GB,1627161413
Killybegs,54.6333,-8.45,64.11,84,26,4.09,IE,1627161413
Hobart,-42.8794,147.3294,43.54,64,75,3.0,AU,1627161309
Jamestown,42.097,-79.2353,70.34,88,90,5.99,US,1627161414
Berezovyy,51.6667,135.7,73.67,71,97,4.14,RU,1627161414
Nikolskoye,59.7035,30.7861,54.7,69,46,3.69,RU,1627161119
Prado,-17.3411,-39.2208,71.89,67,97,11.01,BR,1627161415
Chernyshevskiy,63.0128,112.4714,56.84,73,70,2.68,RU,1627161415
Fredericton,45.9454,-66.6656,77.45,44,1,6.91,CA,1627161416
Warrnambool,-38.3833,142.4833,41.81,68,97,23.06,AU,1627161416
Busselton,-33.65,115.3333,55.04,68,98,16.08,AU,1627161140
Lüderitz,-26.6481,15.1594,64.65,27,14,5.7,NA,1627161417
Carnarvon,-24.8667,113.6333,59.07,71,100,10.36,AU,1627161417
Inverell,-29.7833,151.1167,44.46,80,78,5.99,AU,1627161418
Ilām,26.9167,87.9167,69.69,93,57,3.58,NP,1627161418
Port Lincoln,-34.7333,135.8667,53.31,72,72,17.07,AU,1627161352
Mataura,-46.1927,168.8643,43.48,88,100,3.56,NZ,1627161419
Aripuanã,-9.1667,-60.6333,92.66,32,33,1.39,BR,1627161419
Bosaso,11.2842,49.1816,89.29,44,83,18.77,SO,1627161419
Beloha,-25.1667,45.05,60.58,53,60,6.69,MG,1627161420
Unaí,-16.3575,-46.9061,70.25,34,0,4.07,BR,1627161259
Klaksvík,62.2266,-6.589,50.92,94,81,15.99,FO,1627161421
Fortuna,40.5982,-124.1573,65.37,70,1,12.66,US,1627161162
Adrar,20.5022,-10.0711,94.24,24,54,7.25,MR,1627161421
Roebourne,-20.7833,117.1333,69.58,44,100,7.23,AU,1627161422
East London,-33.0153,27.9116,55.92,69,0,15.39,ZA,1627161422
Wanning,18.8003,110.3967,79.16,86,34,7.9,CN,1627161423
Nome,64.5011,-165.4064,50.07,81,90,10.36,US,1627161416
Colares,38.7992,-9.4469,67.03,74,20,5.01,PT,1627161424
Brae,60.3964,-1.353,55.31,84,48,5.68,GB,1627161424
Severo-Kuril'sk,50.6789,156.125,55.89,94,51,0.87,RU,1627161424
Vieques,18.425,-65.8329,79.83,94,90,9.22,PR,1627161311
Hong Kong,22.2855,114.1577,80.87,92,98,1.99,HK,1627161353
Cape Town,-33.9258,18.4232,49.6,75,9,5.01,ZA,1627161301
San Juan,-31.5375,-68.5364,60.73,28,93,5.86,AR,1627161425
Iqaluit,63.7506,-68.5145,46.13,76,75,10.36,CA,1627161263
Rūdbār,30.15,62.6,92.3,14,1,6.64,AF,1627161426
Navahrudak,53.6,25.8333,59.54,84,28,3.36,BY,1627161427
Mount Gambier,-37.8333,140.7667,44.15,70,100,14.56,AU,1627161427
Ladispoli,41.9537,12.0735,78.13,77,50,4.68,IT,1627161428
Sitka,57.0531,-135.33,57.09,82,90,9.22,US,1627161429
Upernavik,72.7868,-56.1549,40.06,84,97,5.3,GL,1627161429
Albany,42.6001,-73.9662,78.33,49,83,6.89,US,1627161429
Saint Paul Harbor,57.79,-152.4072,58.51,82,75,8.05,US,1627161151
Bathsheba,13.2167,-59.5167,84.81,79,40,11.5,BB,1627161430
Bambous Virieux,-20.3428,57.7575,70.05,83,40,9.22,MU,1627161430
Jumla,29.2747,82.1838,61.72,95,98,1.07,NP,1627161431
Heze,35.2431,115.4411,75.36,86,0,5.82,CN,1627161431
San Joaquin,37.9333,-121.3011,94.51,22,1,9.22,US,1627161432
Avarua,-21.2078,-159.775,78.85,69,25,10.36,CK,1627161432
Saint George,37.1041,-113.5841,96.93,30,1,0.0,US,1627161369
Saint-Philippe,-21.3585,55.7679,66.45,78,47,5.17,RE,1627161433
Arraial do Cabo,-22.9661,-42.0278,69.66,68,0,16.11,BR,1627161433
Woodstock,43.1334,-80.7497,70.27,92,100,18.01,CA,1627161434
Ribeira Grande,38.5167,-28.7,73.27,89,89,9.95,PT,1627161435
Lorengau,-2.0226,147.2712,81.21,75,63,6.4,PG,1627161435
Pevek,69.7008,170.3133,36.79,91,96,11.32,RU,1627161436
Kavaratti,10.5669,72.642,82.13,80,73,19.66,IN,1627161436
Cabo San Lucas,22.8909,-109.9124,90.12,62,1,16.11,MX,1627161344
Talnakh,69.4865,88.3972,48.25,91,100,1.34,RU,1627161428
Torbay,47.6666,-52.7314,65.93,74,75,13.8,CA,1627161437
Puri,19.8,85.85,86.38,81,100,9.84,IN,1627161438
Vaini,-21.2,-175.2,78.96,94,20,4.61,TO,1627161438
Santa Rita,-7.1139,-34.9781,75.87,78,20,8.05,BR,1627161439
Hualmay,-11.0964,-77.6139,66.27,75,26,8.86,PE,1627161439
Te Anau,-45.4167,167.7167,39.56,89,100,2.35,NZ,1627161440
Bani Walid,31.7566,13.9942,77.58,46,0,9.98,LY,1627161440
Victor Harbor,-35.5667,138.6167,49.19,77,69,17.96,AU,1627161441
Itoman,26.1247,127.6694,80.44,96,75,16.11,JP,1627161175
Codrington,-38.2667,141.9667,43.95,73,92,17.94,AU,1627161441
Carutapera,-1.195,-46.02,77.38,87,93,5.57,BR,1627161442
Cayenne,4.9333,-52.3333,83.08,77,0,3.0,GF,1627161442
Gamba,-2.65,10.0,71.02,83,69,5.44,GA,1627161442
Port Alfred,-33.5906,26.891,54.23,74,0,18.54,ZA,1627161443
Katsuura,35.1333,140.3,77.2,84,5,8.68,JP,1627161443
Houma,29.5958,-90.7195,96.15,56,40,4.61,US,1627161444
Hermanus,-34.4187,19.2345,51.91,57,13,4.79,ZA,1627161444
Afşin,38.2477,36.914,64.33,59,0,4.41,TR,1627161444
Jacksonville,30.3322,-81.6556,86.14,67,40,5.01,US,1627161437
Chui,-33.6971,-53.4616,56.62,85,96,6.17,UY,1627161445
Harper,4.375,-7.7169,76.51,67,99,3.85,LR,1627161446
Vila Franca do Campo,37.7167,-25.4333,72.01,88,15,6.93,PT,1627161177
Forsytheganj,52.6333,29.7333,66.4,70,90,2.84,BY,1627161446
Lashio,22.9333,97.75,69.26,100,100,0.98,MM,1627161447
Tuktoyaktuk,69.4541,-133.0374,64.4,48,75,14.97,CA,1627161447
Bluff,-46.6,168.3333,43.81,70,100,10.76,NZ,1627161447
Castro,-24.7911,-50.0119,58.26,67,0,3.62,BR,1627161448
Ilulissat,69.2167,-51.1,44.62,81,90,9.22,GL,1627161448
Cidreira,-30.1811,-50.2056,61.52,69,2,6.46,BR,1627161449
Narsaq,60.9167,-46.05,50.22,83,80,2.66,GL,1627161355
Payakumbuh,-0.2202,100.6308,69.55,88,53,2.8,ID,1627161449
Mongo,12.1844,18.693,77.07,77,100,2.46,TD,1627161450
Saldanha,-33.0117,17.9442,53.51,63,25,12.75,ZA,1627161397
Port Hardy,50.6996,-127.4199,62.78,88,75,4.61,CA,1627161418
Ubari,26.5921,12.7805,84.58,18,0,6.33,LY,1627161450
Meulaboh,4.1363,96.1285,76.32,87,96,3.36,ID,1627161451
Hithadhoo,-0.6,73.0833,81.97,78,40,11.36,MV,1627161452
Alexandria,31.2156,29.9553,78.17,72,0,13.78,EG,1627161452
Manjacaze,-24.7117,33.8828,59.86,71,77,5.37,MZ,1627161453
Columbia,34.0007,-81.0348,88.68,52,20,3.0,US,1627161212
Alyangula,-13.8483,136.4192,67.87,100,90,1.14,AU,1627161453
South River,40.4465,-74.386,81.07,55,76,3.0,US,1627161454
Qaanaaq,77.484,-69.3632,41.38,67,100,1.45,GL,1627161453
Yarim,14.298,44.3779,59.43,71,100,3.06,YE,1627161454
Zdvinsk,54.7021,78.661,66.67,73,70,4.23,RU,1627161455
Bilibino,68.0546,166.4372,53.89,60,28,1.92,RU,1627161455
Beringovskiy,63.05,179.3167,53.01,85,100,8.72,RU,1627161456
Yellowknife,62.456,-114.3525,56.3,50,75,5.01,CA,1627161456
Sembakung,3.8167,117.25,75.13,98,100,1.41,ID,1627161456
Kuah,6.3265,99.8432,80.58,89,20,0.0,MY,1627161457
Novyy Nekouz,57.9029,38.07,53.1,61,59,7.31,RU,1627161457
Kavieng,-2.5744,150.7967,82.17,76,12,9.33,PG,1627161458
Barrow,71.2906,-156.7887,42.82,87,90,3.44,US,1627161458
Puerto Ayora,-0.7393,-90.3518,74.55,80,21,7.0,EC,1627161355
Hofn,64.2539,-15.2082,52.63,91,97,18.59,IS,1627161201
Sisimiut,66.9395,-53.6735,40.51,93,100,5.48,GL,1627161459
Ponta do Sol,32.6667,-17.1,72.75,82,0,4.88,PT,1627161459
Bengkulu,-3.8004,102.2655,74.93,87,31,4.61,ID,1627161460
Vardø,70.3705,31.1107,46.11,83,99,27.92,NO,1627161241
Nabire,-3.3667,135.4833,73.2,95,100,3.0,ID,1627161460
Ilo,-17.6394,-71.3375,63.46,72,75,11.5,PE,1627161460
Touros,-5.1989,-35.4608,77.9,70,11,17.98,BR,1627161461
Johi,26.6921,67.6133,95.2,46,20,8.86,PK,1627161462
Kropotkin,45.4375,40.5756,72.61,46,62,7.45,RU,1627161462
Luanda,-8.8368,13.2343,69.89,90,2,7.67,AO,1627161206
Atuona,-9.8,-139.0333,78.71,68,40,16.67,PF,1627161463
Geraldton,-28.7667,114.6,54.01,94,90,9.22,AU,1627161463
Oyama,36.3,139.8,79.84,80,0,2.64,JP,1627161463
Fukuechō,32.6881,128.8419,79.61,82,100,19.62,JP,1627161464
Dabat,12.9842,37.765,53.44,98,100,3.83,ET,1627161464
Tual,-5.6667,132.75,79.52,74,100,9.75,ID,1627161465
West Bay,19.3667,-81.4167,87.37,70,40,1.99,KY,1627161465
New Norfolk,-42.7826,147.0587,40.53,70,76,1.01,AU,1627161465
Vila Velha,-20.3297,-40.2925,71.55,64,20,5.75,BR,1627161466
Sørland,67.667,12.6934,52.48,94,100,14.54,NO,1627161466
Kruisfontein,-34.0033,24.7314,47.14,45,3,8.25,ZA,1627161467
Pappadátes,39.3133,20.7925,72.55,67,1,3.06,GR,1627161467
Kaitangata,-46.2817,169.8464,37.42,73,89,4.47,NZ,1627161468
Bethel,41.3712,-73.414,78.94,58,1,8.05,US,1627161468
Diébougou,10.9667,-3.25,78.98,70,86,5.03,BF,1627161468
Kapaa,22.0752,-159.319,79.74,80,75,3.0,US,1627161469
Chokurdakh,70.6333,147.9167,43.02,70,67,16.04,RU,1627161469
Kizhinga,51.8462,109.9097,53.67,85,11,1.79,RU,1627161470
Khatanga,71.9667,102.5,56.7,69,48,16.35,RU,1627161470
Oktyabr'skoye,43.0645,44.7417,66.34,93,92,2.24,RU,1627161470
Talaya,61.3833,152.75,57.97,82,99,6.26,RU,1627161471
Lagoa,39.05,-27.9833,70.54,91,63,14.65,PT,1627161471
Saskylakh,71.9167,114.0833,58.66,54,100,6.71,RU,1627161472
Tsabong,-26.0217,22.401,47.95,38,0,13.06,BW,1627161473
Aswān,24.0934,32.907,90.57,24,0,11.92,EG,1627161473
Wum,6.3833,10.0667,64.96,97,100,1.74,CM,1627161474
Shimoda,34.6667,138.95,77.11,83,7,9.04,JP,1627161475
Provideniya,64.3833,-173.3,47.12,98,100,12.88,RU,1627161475
Severobaykal'sk,55.65,109.3167,54.9,72,24,5.53,RU,1627161476
Uddevalla,58.3478,11.9424,67.21,71,0,2.98,SE,1627161476
Nanortalik,60.1432,-45.2371,43.41,97,100,11.97,GL,1627161477
Srednekolymsk,67.45,153.6833,51.46,61,100,15.08,RU,1627161477
Da Lat,11.9465,108.4419,61.38,96,100,6.67,VN,1627161477
Alice Springs,-23.7,133.8833,42.35,52,41,5.75,AU,1627161478
Kem',64.9555,34.5793,54.3,63,99,7.92,RU,1627161478
Erenhot,43.6475,111.9767,64.18,87,100,20.2,CN,1627161478
Abhā,18.2164,42.5053,64.65,94,72,0.0,SA,1627161200
Mingora,34.7758,72.3625,79.43,63,0,4.29,PK,1627161479
Salalah,17.0151,54.0924,78.89,94,75,8.05,OM,1627161480
Taoudenni,22.6783,-3.9836,103.6,8,3,9.4,ML,1627161480
Tasiilaq,65.6145,-37.6368,41.16,98,100,4.72,GL,1627161480
Tiksi,71.6872,128.8694,40.96,83,35,4.99,RU,1627161481
Granada,37.25,-3.25,75.34,23,0,6.62,ES,1627161481
Sabha,27.0377,14.4283,83.53,20,0,8.75,LY,1627161482
Southbridge,42.0751,-72.0334,78.91,53,15,2.68,US,1627161483
Kologriv,58.8275,44.3178,50.59,57,64,4.76,RU,1627161484
Vanimo,-2.6741,141.3028,74.7,92,100,5.19,PG,1627161484
Marzuq,14.4,46.4667,74.62,74,88,5.61,YE,1627161484
Ol'ga,43.7444,135.2892,72.72,94,31,1.52,RU,1627161485
Kosonsoy,41.2561,71.5508,75.76,21,0,7.47,UZ,1627161485
Araouane,18.9048,-3.5265,95.47,31,46,11.88,ML,1627161486
Dikson,73.5069,80.5464,37.98,94,100,20.67,RU,1627161486
Salinas,36.6777,-121.6555,67.05,58,1,14.97,US,1627161486
Pisco,-13.7,-76.2167,66.25,68,0,17.27,PE,1627161487
Ardeşen,41.1911,40.9875,69.76,73,88,4.9,TR,1627161487
Kismayo,-0.3582,42.5454,76.12,77,52,22.84,SO,1627161488
Port-Gentil,-0.7193,8.7815,75.43,73,98,12.12,GA,1627161194
Porto-Vecchio,41.591,9.2795,78.15,73,0,12.66,FR,1627161488
Manicoré,-5.8092,-61.3003,91.35,52,0,6.91,BR,1627161489
Avera,33.194,-82.5271,88.47,40,4,5.12,US,1627161489
Manta,-0.95,-80.7333,75.13,76,100,9.44,EC,1627161210
Skjervøy,70.0311,20.9714,47.25,91,100,3.85,NO,1627161490
Alto Araguaia,-17.3147,-53.2153,78.78,28,0,6.24,BR,1627161490
Ostrovnoy,68.0531,39.5131,47.03,88,98,20.78,RU,1627161491
Tubmanburg,6.8708,-10.8172,72.18,94,97,2.42,LR,1627161491
Luau,-10.7073,22.2247,67.93,34,17,4.56,AO,1627161222
Raglan,-37.8,174.8833,48.85,74,54,11.14,NZ,1627161492
Piet Retief,-27.0071,30.8132,34.23,93,3,1.92,ZA,1627161492
Guerrero Negro,27.9769,-114.0611,78.12,61,100,13.53,MX,1627161493
San Ramon,37.7799,-121.978,78.75,36,1,11.01,US,1627161413
Yulara,-25.2406,130.9889,35.44,75,42,4.61,AU,1627161494
Karachi,24.9056,67.0822,84.02,79,75,9.22,PK,1627161481
Haines Junction,60.7522,-137.5108,60.75,51,83,6.91,CA,1627161494
Mount Isa,-20.7333,139.5,55.17,38,39,8.05,AU,1627161495
Mahébourg,-20.4081,57.7,70.09,83,40,9.22,MU,1627161495
Urucará,-2.5364,-57.76,88.7,50,100,2.13,BR,1627161496
Tilichiki,60.4667,166.1,54.61,87,100,4.59,RU,1627161496
Morondava,-20.2833,44.2833,70.92,42,2,19.98,MG,1627161496
Domoni,-12.2569,44.5319,75.45,73,44,15.95,KM,1627161497
Lakes Entrance,-37.8811,147.981,40.17,66,70,17.58,AU,1627161391
Airai,-8.9266,125.4092,55.26,40,6,2.91,TL,1627161404
Peleduy,59.6289,112.7406,61.54,83,50,2.44,RU,1627161498
Cherskiy,68.75,161.3,48.81,68,89,3.71,RU,1627161403
Eyl,7.9803,49.8164,80.47,60,79,26.84,SO,1627161499
Quatre Cocos,-20.2078,57.7625,67.08,80,22,9.93,MU,1627161499
Novobirilyussy,56.9514,90.6661,60.15,78,48,5.57,RU,1627161500
Baoqing,46.3317,132.2111,75.51,77,83,6.08,CN,1627161500
Taltal,-25.4,-70.4833,60.73,69,13,8.79,CL,1627161500
Clyde River,70.4692,-68.5914,34.03,100,90,23.02,CA,1627161501
Asheboro,35.7079,-79.8136,84.02,61,40,8.05,US,1627161215
Mar del Plata,-38.0023,-57.5575,50.0,57,76,11.99,AR,1627161501
Saint-Augustin,51.226,-58.6502,58.01,67,5,7.85,CA,1627161502
Qaqortoq,60.7167,-46.0333,50.5,90,74,6.71,GL,1627161502
Vestmannaeyjar,63.4427,-20.2734,51.4,87,72,12.21,IS,1627161268
Tarija,-21.5355,-64.7296,77.14,25,72,5.59,BO,1627161503
Westport,41.1415,-73.3579,79.41,55,1,1.01,US,1627161503
Vilhena,-12.7406,-60.1458,88.02,35,20,8.05,BR,1627161504
Necochea,-38.5473,-58.7368,49.03,67,95,16.11,AR,1627161504
Basoko,1.2391,23.616,75.61,76,90,1.41,CD,1627161505
Jérémie,18.65,-74.1167,84.22,74,98,7.74,HT,1627161505
‘Āhuimanu,21.4447,-157.8378,83.07,67,75,14.97,US,1627161505
Itarema,-2.9248,-39.9167,78.85,73,29,15.68,BR,1627161506
Rudnyy,52.9594,63.1206,63.64,86,87,9.28,KZ,1627161506
Whitecourt,54.1502,-115.6855,76.24,31,40,20.71,CA,1627161507
Lithakia,37.7167,20.8333,77.34,73,0,2.33,GR,1627161507
Comodoro Rivadavia,-45.8667,-67.5,46.26,76,0,0.0,AR,1627161508
Sengés,-24.1128,-49.4636,63.61,57,0,3.18,BR,1627161508
Zaozyornoye,45.1582,33.2787,71.8,62,0,9.04,UA,1627161509
Maniitsoq,65.4167,-52.9,40.57,80,61,2.66,GL,1627161509
Baturaja,-4.1333,104.1667,71.82,97,9,2.33,ID,1627161509
Nizhnedevitsk,51.5419,38.3657,60.85,75,5,6.13,RU,1627161510
Opuwo,-18.0607,13.84,58.39,15,0,7.72,NA,1627161510
Lauenburg,53.372,10.5565,72.54,62,100,11.1,DE,1627161511
Corinth,37.9407,22.9573,76.23,52,12,2.75,GR,1627161413
Dalvik,65.9702,-18.5286,60.73,81,74,1.92,IS,1627161419
Aksay,47.26,39.87,77.25,37,1,5.99,RU,1627161512
Boa Vista,2.8197,-60.6733,84.18,65,75,14.97,BR,1627161512
Ketchikan,55.3422,-131.6461,61.27,72,75,14.97,US,1627161513
Hailar,49.2,119.7,56.64,93,0,7.9,CN,1627161513
Mentougou,39.9392,116.0917,74.64,87,39,0.92,CN,1627161514
Bryant,34.5959,-92.4891,91.36,65,80,1.99,US,1627161514
Mahuva,21.0914,71.7622,82.17,79,100,13.91,IN,1627161515
Port Hedland,-20.3167,118.5667,57.25,72,11,5.75,AU,1627161515
Fort Saint James,54.4333,-124.25,69.39,38,99,8.86,CA,1627161516
Alekseyevka,50.6309,38.6903,63.21,64,33,3.36,RU,1627161516
Mahibadhoo,3.7833,72.9667,82.24,75,97,4.99,MV,1627161516
Valparaíso,-33.0393,-71.6273,54.39,88,75,12.66,CL,1627161517
Mpika,-11.8343,31.4529,52.88,80,71,8.81,ZM,1627161517
Katherine,-14.4667,132.2667,61.12,63,93,3.44,AU,1627161518
Keti Bandar,24.1447,67.4497,82.71,83,80,18.66,PK,1627161518
Yangi Marg`ilon,40.4272,71.7189,81.32,36,0,4.61,UZ,1627161519
Kampene,-3.6,26.6667,73.18,53,36,2.42,CD,1627161519
Lompoc,34.6391,-120.4579,73.72,70,75,13.8,US,1627161345
Rabat,33.9911,-6.8401,71.15,83,56,4.61,MA,1627161319
Pierre,44.3683,-100.351,96.93,14,1,14.97,US,1627161266
Kamenka,51.3223,42.7678,61.9,65,75,6.93,RU,1627161521
Longyearbyen,78.2186,15.6401,44.44,81,75,18.41,SJ,1627161438
Qasigiannguit,68.8193,-51.1922,44.85,91,97,9.37,GL,1627161522
Boda,4.3189,17.4695,70.12,93,100,4.07,CF,1627161522
Olenino,56.2092,33.4889,54.79,63,69,1.57,RU,1627161523
Aitape,-3.1374,142.3475,75.58,92,100,5.3,PG,1627161523
Kahului,20.8947,-156.47,83.39,79,40,21.85,US,1627161502
Egvekinot,66.3167,-179.1667,46.36,94,100,2.24,RU,1627161494
Imbituba,-28.24,-48.6703,66.81,78,0,8.55,BR,1627161524
Lamar,33.6668,-95.5836,93.09,60,20,6.91,US,1627161524
Paris,48.8534,2.3488,65.61,86,0,2.3,FR,1627161284
Thompson,55.7435,-97.8558,68.16,68,75,9.22,CA,1627161525
Sangmélima,2.9333,11.9833,67.03,99,78,4.92,CM,1627161525
Soyo,-6.1349,12.3689,71.91,89,0,8.55,AO,1627161526
Coquimbo,-29.9533,-71.3436,58.73,72,75,6.91,CL,1627161526
Ojinaga,29.5667,-104.4167,97.75,24,1,6.91,MX,1627161526
Lumby,50.2498,-118.969,90.95,33,0,5.44,CA,1627161314
Gigmoto,13.7796,124.39,81.36,84,60,13.24,PH,1627161527
Sur,22.5667,59.5289,89.22,61,71,10.45,OM,1627161528
Skagen,57.7209,10.5839,64.27,73,62,5.68,DK,1627161528
Vaasa,63.096,21.6158,58.26,88,0,4.61,FI,1627161528
Bud,39.447,-86.1758,85.03,69,67,11.36,US,1627161529
Umeå,63.8284,20.2597,64.33,72,0,5.75,SE,1627161529
Kovernino,57.1253,43.8142,48.52,64,66,2.89,RU,1627161529
Thurso,58.5927,-3.5259,55.65,94,17,10.2,GB,1627161530
Isangel,-19.55,169.2667,80.71,74,75,0.0,VU,1627161530
Santa Isabel Rio Negro,-0.4139,-65.0192,80.96,92,41,1.34,BR,1627161531
São Félix do Xingu,-6.6447,-51.995,86.43,35,64,2.06,BR,1627161531
Santa Maria,-29.6842,-53.8069,70.9,68,0,4.61,BR,1627161532
Obo,5.3998,26.4869,68.85,95,93,2.75,CF,1627161532
General Roca,-39.0333,-67.5833,52.2,31,90,5.46,AR,1627161533
Faya,18.3851,42.4509,64.92,69,67,3.78,SA,1627161533
Broome,42.2506,-75.833,78.17,61,90,1.99,US,1627161533
Hokitika,-42.7167,170.9667,47.48,80,95,7.34,NZ,1627161534
Carora,10.1755,-70.0827,89.35,46,100,6.64,VE,1627161534
Assiut,27.181,31.1837,85.35,28,0,8.08,EG,1627161534
Los Llanos de Aridane,28.6585,-17.9182,70.12,87,20,16.11,ES,1627161535
Pundaguitan,6.3711,126.1689,83.64,73,100,9.73,PH,1627161535
Faanui,-16.4833,-151.75,76.96,75,49,11.32,PF,1627161536
Kaka,37.3482,59.6143,91.29,14,0,7.61,TM,1627161536
Honiara,-9.4333,159.95,79.84,81,58,5.75,SB,1627161536
Morón,-34.6534,-58.6198,59.2,87,100,7.0,AR,1627161524
Port Augusta,-32.5,137.7667,49.71,86,18,6.53,AU,1627161537
Iralaya,15.0,-83.2333,87.89,71,100,12.06,HN,1627161494
Manado,1.487,124.8455,77.77,83,40,4.61,ID,1627161538
Flinders,-34.5833,150.8552,49.93,58,41,11.99,AU,1627161500
Villa Bruzual,9.3328,-69.1208,82.56,80,100,5.14,VE,1627161538
Siniscola,40.5719,9.6922,80.15,69,48,9.91,IT,1627161539
Luleå,65.5842,22.1547,60.87,72,26,6.91,SE,1627161539
Nieves,15.3274,120.9485,76.93,95,100,6.06,PH,1627161540
Cockburn Town,21.4612,-71.1419,85.96,66,40,11.5,TC,1627161540
Chamba,32.5667,76.1333,78.21,91,98,0.89,IN,1627161540
Sharjah city,25.3573,55.4033,96.91,47,28,2.3,AE,1627161445
Ilmajoki,62.7333,22.5667,56.19,56,40,0.0,FI,1627161541
Macusani,-14.0833,-70.4333,44.69,47,2,11.72,PE,1627161542
Bonthe,7.5264,-12.505,76.3,86,100,7.36,SL,1627161504
George Town,5.4112,100.3354,81.28,90,20,3.44,MY,1627161408
Turukhansk,65.8167,87.9833,63.93,75,2,11.03,RU,1627161542
Takoradze,4.8845,-1.7554,74.62,81,3,6.15,GH,1627161543
Florida,28.7505,-82.5001,91.83,59,40,1.01,US,1627161543
Maceió,-9.6658,-35.7353,76.44,78,75,8.05,BR,1627161544
Knysna,-34.0363,23.0471,46.78,42,27,5.79,ZA,1627161544
Molėtai,55.2333,25.4167,58.1,75,2,3.22,LT,1627161544
Paramirim,-13.4425,-42.2389,69.24,57,68,5.01,BR,1627161545
Nouadhibou,20.931,-17.0347,71.58,88,2,13.8,MR,1627161545
Visnes,59.3556,5.2242,59.45,88,1,6.91,NO,1627161546
Esperance,-33.8667,121.9,52.29,80,1,18.14,AU,1627161546
Hervey Bay,-25.2986,152.8535,55.51,55,0,8.59,AU,1627161547
Yagodnoye,62.55,149.6667,60.46,81,100,4.16,RU,1627161547
Portland,45.5234,-122.6762,87.19,40,1,1.99,US,1627161420
Gorontalo,0.5412,123.0595,75.0,82,100,1.39,ID,1627161548
Vostok,46.4856,135.8833,72.82,80,79,3.24,RU,1627161548
Shintomi,32.0785,131.4723,75.25,91,100,7.87,JP,1627161549
Benguela,-12.5763,13.4055,68.29,83,2,3.31,AO,1627161550
Salekhard,66.53,66.6019,57.74,67,96,12.39,RU,1627161550
Norsup,-16.0667,167.3833,80.87,79,89,5.26,VU,1627161551
Mildura,-34.2,142.15,40.96,93,12,8.05,AU,1627161339
Souillac,-20.5167,57.5167,70.18,83,40,9.22,MU,1627161552
Mstera,56.3789,41.92,56.82,57,97,0.72,RU,1627161552
Guymon,36.6828,-101.4816,96.78,26,1,11.5,US,1627161552
Mareeba,-17.0,145.4333,62.13,87,58,2.51,AU,1627161553
Alberdi,-32.8899,-60.6906,68.09,66,75,6.91,AR,1627161553
Goba,7.0167,39.9833,50.0,93,100,3.67,ET,1627161554
Alugan,12.2188,125.4808,80.22,78,78,8.68,PH,1627161554
Flin Flon,54.7682,-101.865,75.04,50,75,10.36,CA,1627161554
Pachino,36.7186,15.0907,77.04,55,0,9.24,IT,1627161555
San Jose,37.3394,-121.895,82.69,45,75,8.05,US,1627161441
Huarmey,-10.0681,-78.1522,67.33,73,13,8.72,PE,1627161556
Atocha,-20.9333,-66.2333,51.06,25,10,23.49,BO,1627161557
Reconquista,-29.15,-59.65,79.0,44,88,9.95,AR,1627161557
Madison,34.7334,-86.5667,88.77,65,20,1.99,US,1627161557
Dingle,10.9995,122.6711,78.21,86,91,12.64,PH,1627161558
Kenai,60.5544,-151.2583,55.96,91,90,11.5,US,1627161558
Kieta,-6.2167,155.6333,79.92,80,100,2.73,PG,1627161559
Champerico,14.3,-91.9167,90.64,71,92,5.37,GT,1627161559
Crixás,-14.5489,-49.9692,81.54,27,0,4.47,BR,1627161559
Batagay,67.6333,134.6333,62.15,65,45,8.03,RU,1627161560
São João da Barra,-21.6403,-41.0511,71.69,68,0,12.06,BR,1627161560
Antalaha,-14.9003,50.2788,66.92,79,90,8.01,MG,1627161560
Bolshoy Kamen,43.1225,132.3583,75.09,92,40,3.47,RU,1627161561
Severo-Yeniseyskiy,60.3725,93.0408,58.77,69,2,3.74,RU,1627161562
Umluj,25.0213,37.2685,86.52,44,0,8.57,SA,1627161562
Manokwari,-0.8667,134.0833,78.28,73,100,4.5,ID,1627161563
Barcelos,41.5388,-8.6151,64.62,94,65,2.8,PT,1627161563
Coyhaique,-45.5752,-72.0662,39.15,81,0,3.44,CL,1627161563
Lebu,-37.6167,-73.65,51.93,77,99,15.82,CL,1627161390
Ulaanbaatar,47.9077,106.8832,48.33,87,0,2.24,MN,1627161519
Gazli,40.1333,63.45,91.87,14,0,10.65,UZ,1627161564
Arona,28.0996,-16.681,66.07,72,20,14.97,ES,1627161565
Morro Bay,35.3658,-120.8499,81.28,49,89,7.0,US,1627161565
Olinda,-8.0089,-34.8553,74.93,69,40,11.5,BR,1627161565
Hasaki,35.7333,140.8333,76.87,83,0,8.79,JP,1627161390
Moerai,-22.4333,-151.3333,70.74,62,63,3.31,PF,1627161566
Tura,25.5198,90.2201,75.06,95,95,4.09,IN,1627161566
Grand Gaube,-20.0064,57.6608,67.37,78,6,1.99,MU,1627161567
Hīt,33.6416,42.8251,97.36,21,0,7.87,IQ,1627161567
Teguise,29.0605,-13.564,68.22,83,20,18.41,ES,1627161568
Faro,37.0194,-7.9322,73.18,64,0,11.5,PT,1627161568
Kiknur,57.3034,47.2011,46.87,55,22,3.58,RU,1627161569
Kununurra,-15.7667,128.7333,73.38,43,100,8.05,AU,1627161569
Port Blair,11.6667,92.75,81.95,84,100,20.04,IN,1627161569
Griffith,41.5284,-87.4237,90.3,61,75,4.0,US,1627161570
Hornepayne,49.2138,-84.7705,67.96,92,100,4.61,CA,1627161570
Ţaga,46.95,24.05,64.53,59,87,2.93,RO,1627161571
Herat Province,34.5,62.0,84.92,12,0,26.46,AF,1627161571
Henties Bay,-22.116,14.2845,69.85,36,0,8.68,NA,1627161572
Ellensburg,46.9965,-120.5479,90.37,24,1,1.01,US,1627161572
Manali,13.1667,80.2667,86.09,63,100,9.42,IN,1627161573
Pacific Grove,36.6177,-121.9166,63.64,76,1,5.99,US,1627161573
Panyutyne,48.9333,36.2833,64.8,65,18,4.59,UA,1627161573
Umm Kaddadah,13.6017,26.6876,86.25,40,98,2.64,SD,1627161574
Celestún,20.8667,-90.4,85.57,70,20,15.08,MX,1627161575
Ihosy,-22.4,46.1167,55.02,83,52,10.4,MG,1627161575
Laï,9.3952,16.2989,79.2,69,100,4.9,TD,1627161575
Koumra,8.9126,17.5539,75.96,83,98,3.0,TD,1627161576
Herrin,37.8031,-89.0276,87.28,69,75,0.0,US,1627161576
Puerto del Rosario,28.5004,-13.8627,73.15,78,20,11.5,ES,1627161577
Gairo,39.8497,9.5047,69.01,31,6,4.03,IT,1627161577
Alpena,45.0617,-83.4327,69.94,94,90,11.5,US,1627161578
Grand-Lahou,5.1367,-5.0242,74.95,79,71,6.29,CI,1627161578
Rabo de Peixe,37.8,-25.5833,71.11,88,20,13.8,PT,1627161579
Leningradskiy,69.3833,178.4167,37.54,94,100,5.26,RU,1627161579
Rosita,13.9268,-84.4032,83.73,76,80,4.45,NI,1627161580
Ancud,-41.8697,-73.8203,45.93,74,100,3.11,CL,1627161580
Imeni Poliny Osipenko,52.4201,136.4853,72.5,79,80,4.56,RU,1627161580
Boyuibe,-20.4167,-63.2833,87.71,29,7,8.81,BO,1627161581
Kilosa,-6.8333,36.9833,65.41,69,21,2.37,TZ,1627161581
Korla,41.7597,86.1469,87.03,20,43,6.08,CN,1627161581
Marfino,55.7028,37.3822,56.86,72,0,0.0,RU,1627161582
Puerto Escondido,15.85,-97.0667,92.23,62,1,11.5,MX,1627161582
Hamilton,39.1834,-84.5333,87.57,59,20,1.01,US,1627161315
Sabang,5.8933,95.3214,83.19,74,100,18.21,ID,1627161583
Goderich,43.7501,-81.7165,76.03,84,100,26.53,CA,1627161315
Floresta,-8.6011,-38.5686,78.06,57,74,19.1,BR,1627161583
Vestmanna,62.1564,-7.1664,49.12,100,90,5.75,FO,1627161584
Ukiah,39.1502,-123.2078,98.58,17,1,4.61,US,1627161333
Palmer,42.1584,-72.3287,79.93,41,20,3.44,US,1627161491
Acarí,-15.4311,-74.6158,68.86,66,16,8.57,PE,1627161585
Yar-Sale,66.8333,70.8333,50.04,88,0,8.61,RU,1627161585
Dhār,22.6,75.3,73.98,96,100,13.29,IN,1627161585
Noshiro,40.2039,140.0242,76.17,87,8,3.67,JP,1627161586
Poum,-20.2333,164.0167,71.91,81,6,6.44,NC,1627161586
Poli,-3.3333,36.8,54.68,80,54,6.29,TZ,1627161586
San Cristobal,7.7669,-72.225,82.58,69,100,4.92,VE,1627161495
Miandrivazo,-19.5167,45.4667,68.25,57,10,4.99,MG,1627161587
Aklavik,68.2191,-135.0107,62.6,82,75,10.36,CA,1627161587
Namatanai,-3.6667,152.4333,79.39,80,16,3.4,PG,1627161588
Inhambane,-23.865,35.3833,64.38,63,85,11.54,MZ,1627161588
Camaná,-16.6228,-72.7111,63.32,76,51,8.66,PE,1627161589
Standerton,-26.9337,29.2415,36.59,86,0,4.45,ZA,1627161589
Along,28.1667,94.7667,76.95,99,100,0.51,IN,1627161589
Sijunjung,-0.6876,100.9537,72.0,95,54,1.72,ID,1627161590
Bembèrèkè,10.2283,2.6634,69.67,93,100,4.56,BJ,1627161590
Agirish,61.9247,63.0231,48.7,84,100,8.75,RU,1627161591
Grindavik,63.8424,-22.4338,50.77,87,75,12.66,IS,1627161591
Ceres,37.5949,-120.9577,95.23,21,1,10.36,US,1627161591
Fasa,28.9383,53.6482,69.04,94,78,0.0,IR,1627161592
Callaway,30.153,-85.5699,89.67,69,1,4.0,US,1627161592
Glencoe,-28.1783,30.147,35.82,81,0,2.3,ZA,1627161592
Vellore,12.9333,79.1333,80.87,68,84,13.35,IN,1627161454
Shingū,33.7333,135.9833,75.9,84,88,4.72,JP,1627161593
Tigil',57.8,158.6667,56.68,95,100,3.6,RU,1627161594
Marinette,45.1,-87.6307,83.12,69,75,4.61,US,1627161594
Būrewāla,30.1667,72.65,94.19,47,17,5.46,PK,1627161595
Northam,51.0333,-4.2167,62.71,92,24,6.78,GB,1627161595
Magburaka,8.7167,-11.95,71.69,99,100,2.59,SL,1627161595
Hobyo,5.3505,48.5268,77.47,74,66,28.34,SO,1627161596
Ialibu,-6.2821,143.9935,56.03,98,99,1.61,PG,1627161596
Porto Nacional,-10.7081,-48.4172,86.0,30,28,3.83,BR,1627161597
Tuatapere,-46.1333,167.6833,43.83,81,100,6.64,NZ,1627161418
Laguna,38.421,-121.4238,95.45,29,1,1.01,US,1627161597
Marsá Maţrūḩ,31.3525,27.2453,77.72,66,0,9.17,EG,1627161598
Makakilo City,21.3469,-158.0858,84.16,60,75,11.5,US,1627161598
Polyarny,69.1989,33.4478,50.47,82,100,22.79,RU,1627161598
Lata,40.1629,-8.3327,63.55,94,45,2.33,PT,1627161599
Robertsport,6.7533,-11.3686,77.68,79,100,9.71,LR,1627161599
Yebaishou,41.3975,119.6408,69.58,96,31,5.7,CN,1627161599
Piteå,65.3172,21.4794,60.89,75,29,4.23,SE,1627161600
Bayanday,53.0661,105.5139,53.65,85,0,3.91,RU,1627161601
Malbork,54.0359,19.0266,63.1,76,18,5.97,PL,1627161601
Rio Grande,-32.035,-52.0986,60.94,69,62,5.26,BR,1627161602
Shenjiamen,29.9576,122.298,79.39,91,100,53.46,CN,1627161602
Marabu,4.4148,114.0089,78.94,100,20,0.0,MY,1627161603
Dunedin,-45.8742,170.5036,45.81,52,84,17.0,NZ,1627161603
Coyoles,19.4825,-96.6858,81.09,47,32,6.51,MX,1627161604
Korsholm,63.1142,21.6822,58.55,88,0,4.61,FI,1627161535
Mattru,7.6244,-11.8332,72.14,97,100,2.57,SL,1627161604
Popova,42.9603,131.7228,75.29,94,25,4.29,RU,1627161605
Trincomalee,8.5711,81.2335,81.5,74,100,22.55,LK,1627161606
Vega de Alatorre,20.0333,-96.6333,85.62,65,15,10.2,MX,1627161606
Naze,28.3667,129.4833,77.49,92,100,23.38,JP,1627161607
Barra Patuca,15.8,-84.2833,84.16,68,100,8.37,HN,1627161607
Gorin,51.1983,136.6669,73.62,74,47,3.44,RU,1627161608
Saint Anthony,45.0205,-93.218,90.37,27,1,3.0,US,1627161608
Ormara,25.2088,64.6357,81.99,85,81,16.91,PK,1627161609
Swellendam,-34.0226,20.4417,43.18,43,36,5.44,ZA,1627161609
Tsimmerbude,54.675,20.1347,55.45,79,7,7.49,RU,1627161609
Samarai,-10.6167,150.6667,79.09,87,92,10.74,PG,1627161610
Atasū,48.6814,71.6433,79.34,24,7,7.63,KZ,1627161610
Deputatsky,69.3,139.9,47.62,65,47,5.3,RU,1627161611
Gold Coast,-28.0,153.4333,55.11,66,62,1.99,AU,1627161611
Mastic Beach,40.7668,-72.8521,77.77,60,1,1.01,US,1627161611
Dwārka,22.2394,68.9678,82.6,85,100,21.21,IN,1627161612
Nhulunbuy,-12.2333,136.7667,65.01,88,22,3.44,AU,1627161612
Tsotíli,40.2667,21.3167,62.42,55,0,0.69,GR,1627161613
La Ronge,55.1001,-105.2842,73.65,49,40,10.36,CA,1627161613
Lithgow,-33.4833,150.15,35.74,92,85,17.02,AU,1627161613
Alveringem,50.9793,2.6775,62.98,91,90,4.03,BE,1627161614
Yerbogachën,61.2767,108.0108,60.91,73,100,2.66,RU,1627161614
Savannah Bight,16.45,-85.85,87.85,70,85,7.0,HN,1627161615
Khanbari,27.3747,87.2039,73.4,96,75,0.65,NP,1627161615
Tiarei,-17.5333,-149.3333,80.62,73,33,10.96,PF,1627161616
Aden,12.7794,45.0367,81.23,82,100,9.46,YE,1627161361
Kaeo,-35.1,173.7833,59.32,79,99,12.01,NZ,1627161616
Lyubotyn,49.95,35.9667,70.66,66,68,4.56,UA,1627161617
Jingdezhen,29.2947,117.2079,74.88,90,96,3.56,CN,1627161617
Whitehorse,60.7161,-135.0538,60.39,48,100,5.01,CA,1627161618
Ghanzi,-21.5667,21.7833,49.44,53,0,9.15,BW,1627161618
Trat,12.5,102.5,82.81,98,100,3.53,TH,1627161619
Aksha,50.2814,113.2867,55.33,85,52,3.02,RU,1627161619
São Filipe,14.8961,-24.4956,74.55,74,78,10.22,CV,1627161620
Tahe,52.3333,124.7333,60.3,95,33,2.89,CN,1627161620
Asău,46.4333,26.4,57.58,90,9,3.31,RO,1627161621
Ponta Delgada,37.7333,-25.6667,72.32,88,20,13.8,PT,1627161465
Manhumirim,-20.3578,-41.9581,61.47,68,0,1.72,BR,1627161621
Kimbe,-5.5502,150.1429,75.83,91,93,3.85,PG,1627161622
Bend,44.0582,-121.3153,87.55,20,1,4.0,US,1627161593
Wajir,1.7471,40.0573,76.32,48,63,22.91,KE,1627161622
Waverly,42.7392,-84.6208,84.38,72,1,24.16,US,1627161623
Pedernales,18.0384,-71.744,85.6,69,90,5.26,DO,1627161623
Tessalit,20.1986,1.0114,93.76,35,43,16.13,ML,1627161624
Río Gallegos,-51.6226,-69.2181,39.25,65,0,6.91,AR,1627161624
Xining,36.6167,101.7667,64.71,87,100,2.37,CN,1627161606
Mugur-Aksy,50.35,90.5,53.51,79,100,5.41,RU,1627161625
Muisne,0.6,-80.0333,82.51,76,100,11.34,EC,1627161625
Najrān,17.4924,44.1277,84.85,40,78,6.82,SA,1627161626
Siguiri,11.6667,-9.5,74.1,92,99,4.25,GN,1627161626
Burnie,-41.0667,145.9167,42.93,68,20,18.01,AU,1627161627
Blackpool,53.8167,-3.05,62.35,80,100,8.97,GB,1627161627
Fort Nelson,58.8053,-122.7002,71.19,37,75,10.36,CA,1627161628
Erbaa,40.6689,36.5675,70.59,91,0,1.92,TR,1627161628
Sinjār,36.3209,41.8754,89.8,25,0,8.5,IQ,1627161628
Poros,37.4994,23.4536,79.74,54,13,10.04,GR,1627161629
Fairbanks,64.8378,-147.7164,60.93,78,90,3.0,US,1627161331
Port Moresby,-9.4431,147.1797,76.42,94,40,3.18,PG,1627161630
Oussouye,12.485,-16.5469,78.53,70,94,8.3,SN,1627161630
Moindou,-21.6924,165.677,66.15,81,0,3.44,NC,1627161631
Lubao,14.9167,120.55,77.14,88,100,12.39,PH,1627161631
Erzin,36.9559,36.2,80.01,86,6,0.67,TR,1627161631
Dutlwe,-23.9833,23.9,45.73,44,0,13.65,BW,1627161632
Iskateley,67.6803,53.1512,45.46,92,100,16.17,RU,1627161633
Saint-Pierre,-21.3393,55.4781,66.56,67,75,6.91,RE,1627161633
Buguey,18.2893,121.8311,80.44,83,100,10.27,PH,1627161634
Mutsu,41.2894,141.2169,75.0,94,71,5.55,JP,1627161634
Tevaitoa,-16.7833,-151.5,76.64,76,28,11.07,PF,1627161635
Praia,14.9215,-23.5087,77.54,61,75,11.5,CV,1627161635
Carballo,43.213,-8.691,62.04,90,32,2.82,ES,1627161636
Zabul Province,32.25,67.25,78.57,18,3,6.78,AF,1627161636
Lebedyan',53.0194,39.1664,62.94,58,100,5.7,RU,1627161636
Ust-Nera,64.5667,143.2,58.05,99,100,7.9,RU,1627161637
Cedral,23.8,-100.7333,81.19,22,0,11.05,MX,1627161637
Gornopravdinsk,60.05,69.9,52.47,96,90,3.76,RU,1627161638
Elliot,-31.3333,27.85,36.23,32,0,6.76,ZA,1627161638
Guarapari,-20.6667,-40.4975,71.49,70,0,8.93,BR,1627161638
